run_id,case_id,seed,system,setting,model,temperature,max_tokens,round_cap,rag_enabled,rag_fallback_used,fallback_tainted,retry_used,retry_count,runtime_seconds,n_phase1_agents,n_phase1_elements,n_phase2_negotiations,n_phase2_steps,n_phase3_elements,n_phase3_connections,conflict_resolution_rate,chv,mdc,semantic_preservation_f1,semantic_p2_vs_p1_f1,s_logic,topology_is_valid,deterministic_is_valid,compliance_coverage,s_term,iso29148_unambiguous,iso29148_correctness,iso29148_verifiability,iso29148_set_consistency,iso29148_set_feasibility,blind_eval_run_id,judge_pipeline_hash,validation_passed,non_comparable_reason
mare-ad-single_agent-s101,AD,101,mare,single_agent,gpt-4o-mini,0.7,4000,3,True,False,False,False,0,0.071613,1,7,0,0,7,6,0.0,0.001397,0.026496,0.931182,0.0,1.0,1,0,0.166667,1.0,5.0,3.8,1.333334,5.0,1.400001,,0dd214854aad9df58e5c633d44f4943502ced4e5c8e238a4073469e5b4a6a7f6,True,single_agent_baseline_partial_phase_equivalence
iredev-ad-single_agent-s101,AD,101,iredev,single_agent,gpt-4o-mini,0.7,4000,3,True,False,False,False,0,0.071396,1,7,0,0,7,6,0.0,0.001397,0.026496,0.931182,0.0,1.0,1,0,0.166667,1.0,5.0,3.8,1.333334,5.0,1.400001,,0dd214854aad9df58e5c633d44f4943502ced4e5c8e238a4073469e5b4a6a7f6,True,single_agent_baseline_partial_phase_equivalence
quare-ad-single_agent-s101,AD,101,quare,single_agent,gpt-4o-mini,0.7,4000,3,True,False,False,False,0,0.077569,1,7,0,0,7,6,0.0,0.001397,0.026496,0.931182,0.0,1.0,1,0,0.166667,1.0,5.0,3.8,1.333334,5.0,1.400001,,0dd214854aad9df58e5c633d44f4943502ced4e5c8e238a4073469e5b4a6a7f6,True,single_agent_baseline_partial_phase_equivalence
mare-ad-multi_agent_without_negotiation-s101,AD,101,mare,multi_agent_without_negotiation,gpt-4o-mini,0.7,4000,3,True,False,True,False,0,1.668149,5,22,0,0,22,17,0.0,0.003847,0.783748,0.908281,0.0,1.0,1,0,0.1,1.0,5.0,3.8,1.2,5.0,1.24,,0dd214854aad9df58e5c633d44f4943502ced4e5c8e238a4073469e5b4a6a7f6,False,negotiation_and_verification_not_executed_for_setting
iredev-ad-multi_agent_without_negotiation-s101,AD,101,iredev,multi_agent_without_negotiation,gpt-4o-mini,0.7,4000,3,True,False,True,False,0,1.733088,6,30,0,0,30,24,0.0,0.008333,0.731039,0.921063,0.0,1.0,1,0,0.1,1.0,5.0,3.8,1.2,5.0,1.24,,0dd214854aad9df58e5c633d44f4943502ced4e5c8e238a4073469e5b4a6a7f6,False,negotiation_and_verification_not_executed_for_setting
quare-ad-multi_agent_without_negotiation-s101,AD,101,quare,multi_agent_without_negotiation,gpt-4o-mini,0.7,4000,3,True,False,False,False,0,0.034742,5,35,0,0,35,30,0.0,0.00305,0.666104,0.948321,0.0,1.0,1,0,0.9,0.666667,4.266667,3.8,2.8,5.0,3.16,,0dd214854aad9df58e5c633d44f4943502ced4e5c8e238a4073469e5b4a6a7f6,True,negotiation_and_verification_not_executed_for_setting
mare-ad-multi_agent_with_negotiation-s101,AD,101,mare,multi_agent_with_negotiation,gpt-4o-mini,0.7,4000,3,True,False,True,False,0,1.832538,5,22,5,10,6,5,1.0,8.7e-05,0.753384,0.871684,0.935075,1.0,1,0,0.0,1.0,5.0,3.8,1.0,5.0,1.0,,0dd214854aad9df58e5c633d44f4943502ced4e5c8e238a4073469e5b4a6a7f6,False,verification_not_executed_for_setting
iredev-ad-multi_agent_with_negotiation-s101,AD,101,iredev,multi_agent_with_negotiation,gpt-4o-mini,0.7,4000,3,True,False,True,False,0,0.176107,6,30,6,12,7,6,0.0,0.00589,0.69487,0.918371,1.0,1.0,1,0,0.033333,1.0,5.0,3.8,1.066666,5.0,1.079999,,0dd214854aad9df58e5c633d44f4943502ced4e5c8e238a4073469e5b4a6a7f6,False,verification_not_executed_for_setting
quare-ad-multi_agent_with_negotiation-s101,AD,101,quare,multi_agent_with_negotiation,gpt-4o-mini,0.7,4000,3,True,False,True,False,0,0.124706,5,35,5,14,7,6,1.0,0.000194,0.630732,0.938626,1.0,1.0,1,0,0.233333,1.0,5.0,3.8,1.466666,5.0,1.559999,,0dd214854aad9df58e5c633d44f4943502ced4e5c8e238a4073469e5b4a6a7f6,False,verification_not_executed_for_setting
mare-ad-negotiation_integration_verification-s101,AD,101,mare,negotiation_integration_verification,gpt-4o-mini,0.7,4000,3,True,False,True,False,0,0.08276,5,22,5,10,22,17,1.0,0.00385,0.783736,0.876452,0.935075,1.0,1,1,0.1,1.0,5.0,5.0,3.2,5.0,2.84,,0dd214854aad9df58e5c633d44f4943502ced4e5c8e238a4073469e5b4a6a7f6,False,
iredev-ad-negotiation_integration_verification-s101,AD,101,iredev,negotiation_integration_verification,gpt-4o-mini,0.7,4000,3,True,False,True,False,0,0.184156,6,30,6,12,30,24,0.0,0.008333,0.731039,0.921063,1.0,1.0,1,1,0.1,1.0,5.0,5.0,3.2,5.0,2.84,,0dd214854aad9df58e5c633d44f4943502ced4e5c8e238a4073469e5b4a6a7f6,False,
quare-ad-negotiation_integration_verification-s101,AD,101,quare,negotiation_integration_verification,gpt-4o-mini,0.7,4000,3,True,False,True,False,0,0.153498,5,35,5,14,35,30,1.0,0.00305,0.666104,0.948321,1.0,1.0,1,1,0.9,0.666667,4.266667,5.0,4.8,5.0,4.76,,0dd214854aad9df58e5c633d44f4943502ced4e5c8e238a4073469e5b4a6a7f6,False,
mare-ad-single_agent-s202,AD,202,mare,single_agent,gpt-4o-mini,0.7,4000,3,True,False,False,False,0,0.056504,1,7,0,0,7,6,0.0,0.000699,0.016991,0.938788,0.0,1.0,1,0,0.2,1.0,5.0,3.8,1.4,5.0,1.48,,0dd214854aad9df58e5c633d44f4943502ced4e5c8e238a4073469e5b4a6a7f6,True,single_agent_baseline_partial_phase_equivalence
iredev-ad-single_agent-s202,AD,202,iredev,single_agent,gpt-4o-mini,0.7,4000,3,True,False,False,False,0,0.021792,1,7,0,0,7,6,0.0,0.000699,0.016991,0.938788,0.0,1.0,1,0,0.2,1.0,5.0,3.8,1.4,5.0,1.48,,0dd214854aad9df58e5c633d44f4943502ced4e5c8e238a4073469e5b4a6a7f6,True,single_agent_baseline_partial_phase_equivalence
quare-ad-single_agent-s202,AD,202,quare,single_agent,gpt-4o-mini,0.7,4000,3,True,False,False,False,0,0.037852,1,7,0,0,7,6,0.0,0.000699,0.016991,0.938788,0.0,1.0,1,0,0.2,1.0,5.0,3.8,1.4,5.0,1.48,,0dd214854aad9df58e5c633d44f4943502ced4e5c8e238a4073469e5b4a6a7f6,True,single_agent_baseline_partial_phase_equivalence
mare-ad-multi_agent_without_negotiation-s202,AD,202,mare,multi_agent_without_negotiation,gpt-4o-mini,0.7,4000,3,True,False,True,False,0,0.144143,5,22,0,0,22,17,0.0,0.003894,0.783733,0.910021,0.0,1.0,1,0,0.1,1.0,5.0,3.8,1.2,5.0,1.24,,0dd214854aad9df58e5c633d44f4943502ced4e5c8e238a4073469e5b4a6a7f6,False,negotiation_and_verification_not_executed_for_setting
iredev-ad-multi_agent_without_negotiation-s202,AD,202,iredev,multi_agent_without_negotiation,gpt-4o-mini,0.7,4000,3,True,False,True,False,0,0.14111,6,30,0,0,30,24,0.0,0.008333,0.644074,0.929599,0.0,1.0,1,0,0.133333,1.0,5.0,3.8,1.266666,5.0,1.319999,,0dd214854aad9df58e5c633d44f4943502ced4e5c8e238a4073469e5b4a6a7f6,False,negotiation_and_verification_not_executed_for_setting
quare-ad-multi_agent_without_negotiation-s202,AD,202,quare,multi_agent_without_negotiation,gpt-4o-mini,0.7,4000,3,True,False,False,False,0,0.099706,5,35,0,0,35,30,0.0,0.003411,0.666918,0.946061,0.0,1.0,1,0,0.9,0.666667,4.266667,3.8,2.8,5.0,3.16,,0dd214854aad9df58e5c633d44f4943502ced4e5c8e238a4073469e5b4a6a7f6,True,negotiation_and_verification_not_executed_for_setting
mare-ad-multi_agent_with_negotiation-s202,AD,202,mare,multi_agent_with_negotiation,gpt-4o-mini,0.7,4000,3,True,False,True,False,0,0.077993,5,22,5,10,6,5,1.0,8.7e-05,0.753384,0.872948,0.936814,1.0,1,0,0.0,1.0,5.0,3.8,1.0,5.0,1.0,,0dd214854aad9df58e5c633d44f4943502ced4e5c8e238a4073469e5b4a6a7f6,False,verification_not_executed_for_setting
iredev-ad-multi_agent_with_negotiation-s202,AD,202,iredev,multi_agent_with_negotiation,gpt-4o-mini,0.7,4000,3,True,False,True,False,0,0.149201,6,30,6,12,7,6,0.0,0.002041,0.562703,0.929156,1.0,1.0,1,0,0.066667,1.0,5.0,3.8,1.133334,5.0,1.160001,,0dd214854aad9df58e5c633d44f4943502ced4e5c8e238a4073469e5b4a6a7f6,False,verification_not_executed_for_setting
quare-ad-multi_agent_with_negotiation-s202,AD,202,quare,multi_agent_with_negotiation,gpt-4o-mini,0.7,4000,3,True,False,True,False,0,0.173899,5,35,5,14,7,6,1.0,0.000236,0.634928,0.95373,1.0,1.0,1,0,0.233333,1.0,5.0,3.8,1.466666,5.0,1.559999,,0dd214854aad9df58e5c633d44f4943502ced4e5c8e238a4073469e5b4a6a7f6,False,verification_not_executed_for_setting
mare-ad-negotiation_integration_verification-s202,AD,202,mare,negotiation_integration_verification,gpt-4o-mini,0.7,4000,3,True,False,True,False,0,0.086452,5,22,5,10,22,17,1.0,0.003895,0.783686,0.878996,0.936814,1.0,1,1,0.1,1.0,5.0,5.0,3.2,5.0,2.84,,0dd214854aad9df58e5c633d44f4943502ced4e5c8e238a4073469e5b4a6a7f6,False,
iredev-ad-negotiation_integration_verification-s202,AD,202,iredev,negotiation_integration_verification,gpt-4o-mini,0.7,4000,3,True,False,True,False,0,0.161693,6,30,6,12,30,24,0.0,0.008333,0.644074,0.929599,1.0,1.0,1,1,0.133333,1.0,5.0,5.0,3.266666,5.0,2.919999,,0dd214854aad9df58e5c633d44f4943502ced4e5c8e238a4073469e5b4a6a7f6,False,
quare-ad-negotiation_integration_verification-s202,AD,202,quare,negotiation_integration_verification,gpt-4o-mini,0.7,4000,3,True,False,True,False,0,0.163181,5,35,5,14,35,30,1.0,0.003411,0.666918,0.946061,1.0,1.0,1,1,0.9,0.666667,4.266667,5.0,4.8,5.0,4.76,,0dd214854aad9df58e5c633d44f4943502ced4e5c8e238a4073469e5b4a6a7f6,False,
mare-ad-single_agent-s303,AD,303,mare,single_agent,gpt-4o-mini,0.7,4000,3,True,False,False,False,0,0.03016,1,7,0,0,7,6,0.0,0.000991,0.022264,0.930606,0.0,1.0,1,0,0.2,1.0,5.0,3.8,1.4,5.0,1.48,,0dd214854aad9df58e5c633d44f4943502ced4e5c8e238a4073469e5b4a6a7f6,True,single_agent_baseline_partial_phase_equivalence
iredev-ad-single_agent-s303,AD,303,iredev,single_agent,gpt-4o-mini,0.7,4000,3,True,False,False,False,0,0.024029,1,7,0,0,7,6,0.0,0.000991,0.022264,0.930606,0.0,1.0,1,0,0.2,1.0,5.0,3.8,1.4,5.0,1.48,,0dd214854aad9df58e5c633d44f4943502ced4e5c8e238a4073469e5b4a6a7f6,True,single_agent_baseline_partial_phase_equivalence
quare-ad-single_agent-s303,AD,303,quare,single_agent,gpt-4o-mini,0.7,4000,3,True,False,False,False,0,0.038519,1,7,0,0,7,6,0.0,0.000991,0.022264,0.930606,0.0,1.0,1,0,0.2,1.0,5.0,3.8,1.4,5.0,1.48,,0dd214854aad9df58e5c633d44f4943502ced4e5c8e238a4073469e5b4a6a7f6,True,single_agent_baseline_partial_phase_equivalence
mare-ad-multi_agent_without_negotiation-s303,AD,303,mare,multi_agent_without_negotiation,gpt-4o-mini,0.7,4000,3,True,False,True,False,0,0.038005,5,22,0,0,22,17,0.0,0.003806,0.747161,0.907605,0.0,1.0,1,0,0.066667,1.0,5.0,3.8,1.133334,5.0,1.160001,,0dd214854aad9df58e5c633d44f4943502ced4e5c8e238a4073469e5b4a6a7f6,False,negotiation_and_verification_not_executed_for_setting
iredev-ad-multi_agent_without_negotiation-s303,AD,303,iredev,multi_agent_without_negotiation,gpt-4o-mini,0.7,4000,3,True,False,True,False,0,0.152065,6,30,0,0,30,24,0.0,0.008333,0.635259,0.915519,0.0,1.0,1,0,0.133333,1.0,5.0,3.8,1.266666,5.0,1.319999,,0dd214854aad9df58e5c633d44f4943502ced4e5c8e238a4073469e5b4a6a7f6,False,negotiation_and_verification_not_executed_for_setting
quare-ad-multi_agent_without_negotiation-s303,AD,303,quare,multi_agent_without_negotiation,gpt-4o-mini,0.7,4000,3,True,False,False,False,0,0.059384,5,35,0,0,35,30,0.0,0.003478,0.667928,0.948383,0.0,1.0,1,0,0.933333,0.666667,4.266667,3.8,2.866666,5.0,3.239999,,0dd214854aad9df58e5c633d44f4943502ced4e5c8e238a4073469e5b4a6a7f6,True,negotiation_and_verification_not_executed_for_setting
mare-ad-multi_agent_with_negotiation-s303,AD,303,mare,multi_agent_with_negotiation,gpt-4o-mini,0.7,4000,3,True,False,True,False,0,0.065797,5,22,5,10,6,5,1.0,5.2e-05,0.659672,0.874618,0.93558,1.0,1,0,0.0,1.0,5.0,3.8,1.0,5.0,1.0,,0dd214854aad9df58e5c633d44f4943502ced4e5c8e238a4073469e5b4a6a7f6,False,verification_not_executed_for_setting
iredev-ad-multi_agent_with_negotiation-s303,AD,303,iredev,multi_agent_with_negotiation,gpt-4o-mini,0.7,4000,3,True,False,True,False,0,0.178856,6,30,6,12,7,6,0.0,0.001428,0.515012,0.919233,1.0,1.0,1,0,0.066667,1.0,5.0,3.8,1.133334,5.0,1.160001,,0dd214854aad9df58e5c633d44f4943502ced4e5c8e238a4073469e5b4a6a7f6,False,verification_not_executed_for_setting
quare-ad-multi_agent_with_negotiation-s303,AD,303,quare,multi_agent_with_negotiation,gpt-4o-mini,0.7,4000,3,True,False,True,False,0,0.166164,5,35,5,14,7,6,1.0,0.000213,0.63634,0.944428,1.0,1.0,1,0,0.166667,1.0,5.0,3.8,1.333334,5.0,1.400001,,0dd214854aad9df58e5c633d44f4943502ced4e5c8e238a4073469e5b4a6a7f6,False,verification_not_executed_for_setting
mare-ad-negotiation_integration_verification-s303,AD,303,mare,negotiation_integration_verification,gpt-4o-mini,0.7,4000,3,True,False,True,False,0,0.101845,5,22,5,10,22,17,1.0,0.003808,0.747176,0.876212,0.93558,1.0,1,1,0.066667,1.0,5.0,5.0,3.133334,5.0,2.760001,,0dd214854aad9df58e5c633d44f4943502ced4e5c8e238a4073469e5b4a6a7f6,False,
iredev-ad-negotiation_integration_verification-s303,AD,303,iredev,negotiation_integration_verification,gpt-4o-mini,0.7,4000,3,True,False,True,False,0,0.162665,6,30,6,12,30,24,0.0,0.008333,0.635259,0.915519,1.0,1.0,1,1,0.133333,1.0,5.0,5.0,3.266666,5.0,2.919999,,0dd214854aad9df58e5c633d44f4943502ced4e5c8e238a4073469e5b4a6a7f6,False,
quare-ad-negotiation_integration_verification-s303,AD,303,quare,negotiation_integration_verification,gpt-4o-mini,0.7,4000,3,True,False,True,False,0,0.141578,5,35,5,14,35,30,1.0,0.003478,0.667928,0.948383,1.0,1.0,1,1,0.933333,0.666667,4.266667,5.0,4.866666,5.0,4.839999,,0dd214854aad9df58e5c633d44f4943502ced4e5c8e238a4073469e5b4a6a7f6,False,
mare-atm-single_agent-s101,ATM,101,mare,single_agent,gpt-4o-mini,0.7,4000,3,True,False,False,False,0,0.023787,1,7,0,0,7,6,0.0,0.0,0.0,0.937011,0.0,1.0,1,0,0.6,0.285714,3.428571,3.8,2.2,5.0,2.44,,0dd214854aad9df58e5c633d44f4943502ced4e5c8e238a4073469e5b4a6a7f6,True,single_agent_baseline_partial_phase_equivalence
iredev-atm-single_agent-s101,ATM,101,iredev,single_agent,gpt-4o-mini,0.7,4000,3,True,False,False,False,0,0.053196,1,7,0,0,7,6,0.0,0.0,0.0,0.937011,0.0,1.0,1,0,0.6,0.285714,3.428571,3.8,2.2,5.0,2.44,,0dd214854aad9df58e5c633d44f4943502ced4e5c8e238a4073469e5b4a6a7f6,True,single_agent_baseline_partial_phase_equivalence
quare-atm-single_agent-s101,ATM,101,quare,single_agent,gpt-4o-mini,0.7,4000,3,True,False,False,False,0,0.017016,1,7,0,0,7,6,0.0,0.0,0.0,0.937011,0.0,1.0,1,0,0.6,0.285714,3.428571,3.8,2.2,5.0,2.44,,0dd214854aad9df58e5c633d44f4943502ced4e5c8e238a4073469e5b4a6a7f6,True,single_agent_baseline_partial_phase_equivalence
mare-atm-multi_agent_without_negotiation-s101,ATM,101,mare,multi_agent_without_negotiation,gpt-4o-mini,0.7,4000,3,True,False,True,False,0,0.086327,5,21,0,0,21,16,0.0,0.001691,0.835025,0.906433,0.0,1.0,1,0,0.4,0.666667,4.266667,3.8,1.8,5.0,1.96,,0dd214854aad9df58e5c633d44f4943502ced4e5c8e238a4073469e5b4a6a7f6,False,negotiation_and_verification_not_executed_for_setting
iredev-atm-multi_agent_without_negotiation-s101,ATM,101,iredev,multi_agent_without_negotiation,gpt-4o-mini,0.7,4000,3,True,False,True,False,0,0.167503,6,30,0,0,30,24,0.0,0.007772,0.77551,0.918151,0.0,1.0,1,0,0.4,0.5,3.9,3.8,1.8,5.0,1.96,,0dd214854aad9df58e5c633d44f4943502ced4e5c8e238a4073469e5b4a6a7f6,False,negotiation_and_verification_not_executed_for_setting
quare-atm-multi_agent_without_negotiation-s101,ATM,101,quare,multi_agent_without_negotiation,gpt-4o-mini,0.7,4000,3,True,False,False,False,0,0.083111,5,35,0,0,35,30,0.0,0.004829,0.677957,0.95425,0.0,1.0,1,0,1.0,0.142857,3.114285,3.8,3.0,5.0,3.4,,0dd214854aad9df58e5c633d44f4943502ced4e5c8e238a4073469e5b4a6a7f6,True,negotiation_and_verification_not_executed_for_setting
mare-atm-multi_agent_with_negotiation-s101,ATM,101,mare,multi_agent_with_negotiation,gpt-4o-mini,0.7,4000,3,True,False,True,False,0,0.052026,5,21,5,10,6,5,0.0,2.7e-05,0.753594,0.903114,1.0,1.0,1,0,0.1,0.666667,4.266667,3.8,1.2,5.0,1.24,,0dd214854aad9df58e5c633d44f4943502ced4e5c8e238a4073469e5b4a6a7f6,False,verification_not_executed_for_setting
iredev-atm-multi_agent_with_negotiation-s101,ATM,101,iredev,multi_agent_with_negotiation,gpt-4o-mini,0.7,4000,3,True,False,True,False,0,0.176385,6,30,6,12,7,6,0.0,0.005881,0.688579,0.912983,1.0,1.0,1,0,0.2,0.5,3.9,3.8,1.4,5.0,1.48,,0dd214854aad9df58e5c633d44f4943502ced4e5c8e238a4073469e5b4a6a7f6,False,verification_not_executed_for_setting
quare-atm-multi_agent_with_negotiation-s101,ATM,101,quare,multi_agent_with_negotiation,gpt-4o-mini,0.7,4000,3,True,False,True,False,0,0.193631,5,35,5,10,7,6,0.0,0.000109,0.631631,0.950794,1.0,1.0,1,0,0.7,0.285714,3.428571,3.8,2.4,5.0,2.68,,0dd214854aad9df58e5c633d44f4943502ced4e5c8e238a4073469e5b4a6a7f6,False,verification_not_executed_for_setting
mare-atm-negotiation_integration_verification-s101,ATM,101,mare,negotiation_integration_verification,gpt-4o-mini,0.7,4000,3,True,False,True,False,0,0.151742,5,21,5,10,21,16,0.0,0.001691,0.835025,0.906433,1.0,1.0,1,1,0.4,0.666667,4.266667,5.0,3.8,5.0,3.56,,0dd214854aad9df58e5c633d44f4943502ced4e5c8e238a4073469e5b4a6a7f6,False,
iredev-atm-negotiation_integration_verification-s101,ATM,101,iredev,negotiation_integration_verification,gpt-4o-mini,0.7,4000,3,True,False,True,False,0,0.155596,6,30,6,12,30,24,0.0,0.007772,0.77551,0.918151,1.0,1.0,1,1,0.4,0.5,3.9,5.0,3.8,5.0,3.56,,0dd214854aad9df58e5c633d44f4943502ced4e5c8e238a4073469e5b4a6a7f6,False,
quare-atm-negotiation_integration_verification-s101,ATM,101,quare,negotiation_integration_verification,gpt-4o-mini,0.7,4000,3,True,False,True,False,0,0.133228,5,35,5,10,35,30,0.0,0.004829,0.677957,0.95425,1.0,1.0,1,1,1.0,0.142857,3.114285,5.0,5.0,5.0,5.0,,0dd214854aad9df58e5c633d44f4943502ced4e5c8e238a4073469e5b4a6a7f6,False,
mare-atm-single_agent-s202,ATM,202,mare,single_agent,gpt-4o-mini,0.7,4000,3,True,False,False,False,0,0.032241,1,7,0,0,7,6,0.0,0.0,0.0,0.935422,0.0,1.0,1,0,0.6,0.285714,3.428571,3.8,2.2,5.0,2.44,,0dd214854aad9df58e5c633d44f4943502ced4e5c8e238a4073469e5b4a6a7f6,True,single_agent_baseline_partial_phase_equivalence
iredev-atm-single_agent-s202,ATM,202,iredev,single_agent,gpt-4o-mini,0.7,4000,3,True,False,False,False,0,0.046903,1,7,0,0,7,6,0.0,0.0,0.0,0.935422,0.0,1.0,1,0,0.6,0.285714,3.428571,3.8,2.2,5.0,2.44,,0dd214854aad9df58e5c633d44f4943502ced4e5c8e238a4073469e5b4a6a7f6,True,single_agent_baseline_partial_phase_equivalence
quare-atm-single_agent-s202,ATM,202,quare,single_agent,gpt-4o-mini,0.7,4000,3,True,False,False,False,0,0.026243,1,7,0,0,7,6,0.0,0.0,0.0,0.935422,0.0,1.0,1,0,0.6,0.285714,3.428571,3.8,2.2,5.0,2.44,,0dd214854aad9df58e5c633d44f4943502ced4e5c8e238a4073469e5b4a6a7f6,True,single_agent_baseline_partial_phase_equivalence
mare-atm-multi_agent_without_negotiation-s202,ATM,202,mare,multi_agent_without_negotiation,gpt-4o-mini,0.7,4000,3,True,False,True,False,0,0.046243,5,21,0,0,21,16,0.0,0.001691,0.835025,0.90872,0.0,1.0,1,0,0.4,0.666667,4.266667,3.8,1.8,5.0,1.96,,0dd214854aad9df58e5c633d44f4943502ced4e5c8e238a4073469e5b4a6a7f6,False,negotiation_and_verification_not_executed_for_setting
iredev-atm-multi_agent_without_negotiation-s202,ATM,202,iredev,multi_agent_without_negotiation,gpt-4o-mini,0.7,4000,3,True,False,True,False,0,0.143298,6,30,0,0,30,24,0.0,0.007769,0.775492,0.930075,0.0,1.0,1,0,0.4,0.5,3.9,3.8,1.8,5.0,1.96,,0dd214854aad9df58e5c633d44f4943502ced4e5c8e238a4073469e5b4a6a7f6,False,negotiation_and_verification_not_executed_for_setting
quare-atm-multi_agent_without_negotiation-s202,ATM,202,quare,multi_agent_without_negotiation,gpt-4o-mini,0.7,4000,3,True,False,False,False,0,0.086566,5,35,0,0,35,30,0.0,0.004673,0.67699,0.955069,0.0,1.0,1,0,1.0,0.142857,3.114285,3.8,3.0,5.0,3.4,,0dd214854aad9df58e5c633d44f4943502ced4e5c8e238a4073469e5b4a6a7f6,True,negotiation_and_verification_not_executed_for_setting
mare-atm-multi_agent_with_negotiation-s202,ATM,202,mare,multi_agent_with_negotiation,gpt-4o-mini,0.7,4000,3,True,False,True,False,0,0.076822,5,21,5,10,6,5,0.0,2.7e-05,0.753594,0.906256,1.0,1.0,1,0,0.1,0.666667,4.266667,3.8,1.2,5.0,1.24,,0dd214854aad9df58e5c633d44f4943502ced4e5c8e238a4073469e5b4a6a7f6,False,verification_not_executed_for_setting
iredev-atm-multi_agent_with_negotiation-s202,ATM,202,iredev,multi_agent_with_negotiation,gpt-4o-mini,0.7,4000,3,True,False,True,False,0,0.125475,6,30,6,12,7,6,0.0,0.005881,0.688579,0.93311,1.0,1.0,1,0,0.2,0.666667,4.266667,3.8,1.4,5.0,1.48,,0dd214854aad9df58e5c633d44f4943502ced4e5c8e238a4073469e5b4a6a7f6,False,verification_not_executed_for_setting
quare-atm-multi_agent_with_negotiation-s202,ATM,202,quare,multi_agent_with_negotiation,gpt-4o-mini,0.7,4000,3,True,False,True,False,0,0.145058,5,35,5,10,7,6,0.0,0.000106,0.631463,0.946699,1.0,1.0,1,0,0.7,0.333333,3.533333,3.8,2.4,5.0,2.68,,0dd214854aad9df58e5c633d44f4943502ced4e5c8e238a4073469e5b4a6a7f6,False,verification_not_executed_for_setting
mare-atm-negotiation_integration_verification-s202,ATM,202,mare,negotiation_integration_verification,gpt-4o-mini,0.7,4000,3,True,False,True,False,0,0.115667,5,21,5,10,21,16,0.0,0.001691,0.835025,0.90872,1.0,1.0,1,1,0.4,0.666667,4.266667,5.0,3.8,5.0,3.56,,0dd214854aad9df58e5c633d44f4943502ced4e5c8e238a4073469e5b4a6a7f6,False,
iredev-atm-negotiation_integration_verification-s202,ATM,202,iredev,negotiation_integration_verification,gpt-4o-mini,0.7,4000,3,True,False,True,False,0,0.152068,6,30,6,12,30,24,0.0,0.007769,0.775492,0.930075,1.0,1.0,1,1,0.4,0.5,3.9,5.0,3.8,5.0,3.56,,0dd214854aad9df58e5c633d44f4943502ced4e5c8e238a4073469e5b4a6a7f6,False,
quare-atm-negotiation_integration_verification-s202,ATM,202,quare,negotiation_integration_verification,gpt-4o-mini,0.7,4000,3,True,False,True,False,0,0.14835,5,35,5,10,35,30,0.0,0.004673,0.67699,0.955069,1.0,1.0,1,1,1.0,0.142857,3.114285,5.0,5.0,5.0,5.0,,0dd214854aad9df58e5c633d44f4943502ced4e5c8e238a4073469e5b4a6a7f6,False,
mare-atm-single_agent-s303,ATM,303,mare,single_agent,gpt-4o-mini,0.7,4000,3,True,False,False,False,0,0.026698,1,7,0,0,7,6,0.0,0.0,0.0,0.936097,0.0,1.0,1,0,0.7,0.2,3.24,3.8,2.4,5.0,2.68,,0dd214854aad9df58e5c633d44f4943502ced4e5c8e238a4073469e5b4a6a7f6,True,single_agent_baseline_partial_phase_equivalence
iredev-atm-single_agent-s303,ATM,303,iredev,single_agent,gpt-4o-mini,0.7,4000,3,True,False,False,False,0,0.022173,1,7,0,0,7,6,0.0,0.0,0.0,0.936097,0.0,1.0,1,0,0.7,0.2,3.24,3.8,2.4,5.0,2.68,,0dd214854aad9df58e5c633d44f4943502ced4e5c8e238a4073469e5b4a6a7f6,True,single_agent_baseline_partial_phase_equivalence
quare-atm-single_agent-s303,ATM,303,quare,single_agent,gpt-4o-mini,0.7,4000,3,True,False,False,False,0,0.025696,1,7,0,0,7,6,0.0,0.0,0.0,0.936097,0.0,1.0,1,0,0.7,0.2,3.24,3.8,2.4,5.0,2.68,,0dd214854aad9df58e5c633d44f4943502ced4e5c8e238a4073469e5b4a6a7f6,True,single_agent_baseline_partial_phase_equivalence
mare-atm-multi_agent_without_negotiation-s303,ATM,303,mare,multi_agent_without_negotiation,gpt-4o-mini,0.7,4000,3,True,False,True,False,0,0.037011,5,21,0,0,21,16,0.0,0.001691,0.835025,0.906656,0.0,1.0,1,0,0.4,0.2,3.24,3.8,1.8,5.0,1.96,,0dd214854aad9df58e5c633d44f4943502ced4e5c8e238a4073469e5b4a6a7f6,False,negotiation_and_verification_not_executed_for_setting
iredev-atm-multi_agent_without_negotiation-s303,ATM,303,iredev,multi_agent_without_negotiation,gpt-4o-mini,0.7,4000,3,True,False,True,False,0,0.120051,6,30,0,0,30,24,0.0,0.007775,0.775531,0.915377,0.0,1.0,1,0,0.4,0.166667,3.166667,3.8,1.8,5.0,1.96,,0dd214854aad9df58e5c633d44f4943502ced4e5c8e238a4073469e5b4a6a7f6,False,negotiation_and_verification_not_executed_for_setting
quare-atm-multi_agent_without_negotiation-s303,ATM,303,quare,multi_agent_without_negotiation,gpt-4o-mini,0.7,4000,3,True,False,False,False,0,0.059148,5,35,0,0,35,30,0.0,0.004836,0.677592,0.954372,0.0,1.0,1,0,1.0,0.142857,3.114285,3.8,3.0,5.0,3.4,,0dd214854aad9df58e5c633d44f4943502ced4e5c8e238a4073469e5b4a6a7f6,True,negotiation_and_verification_not_executed_for_setting
mare-atm-multi_agent_with_negotiation-s303,ATM,303,mare,multi_agent_with_negotiation,gpt-4o-mini,0.7,4000,3,True,False,True,False,0,0.103491,5,21,5,10,6,5,0.0,2.7e-05,0.753594,0.904743,1.0,1.0,1,0,0.1,0.4,3.68,3.8,1.2,5.0,1.24,,0dd214854aad9df58e5c633d44f4943502ced4e5c8e238a4073469e5b4a6a7f6,False,verification_not_executed_for_setting
iredev-atm-multi_agent_with_negotiation-s303,ATM,303,iredev,multi_agent_with_negotiation,gpt-4o-mini,0.7,4000,3,True,False,True,False,0,0.216508,6,30,6,12,7,6,0.0,0.005881,0.688579,0.913314,1.0,1.0,1,0,0.2,0.5,3.9,3.8,1.4,5.0,1.48,,0dd214854aad9df58e5c633d44f4943502ced4e5c8e238a4073469e5b4a6a7f6,False,verification_not_executed_for_setting
quare-atm-multi_agent_with_negotiation-s303,ATM,303,quare,multi_agent_with_negotiation,gpt-4o-mini,0.7,4000,3,True,False,True,False,0,0.090627,5,35,5,10,7,6,0.0,0.00013,0.630973,0.94953,1.0,1.0,1,0,0.7,0.285714,3.428571,3.8,2.4,5.0,2.68,,0dd214854aad9df58e5c633d44f4943502ced4e5c8e238a4073469e5b4a6a7f6,False,verification_not_executed_for_setting
mare-atm-negotiation_integration_verification-s303,ATM,303,mare,negotiation_integration_verification,gpt-4o-mini,0.7,4000,3,True,False,True,False,0,0.056305,5,21,5,10,21,16,0.0,0.001691,0.835025,0.906656,1.0,1.0,1,1,0.4,0.2,3.24,5.0,3.8,5.0,3.56,,0dd214854aad9df58e5c633d44f4943502ced4e5c8e238a4073469e5b4a6a7f6,False,
iredev-atm-negotiation_integration_verification-s303,ATM,303,iredev,negotiation_integration_verification,gpt-4o-mini,0.7,4000,3,True,False,True,False,0,0.142428,6,30,6,12,30,24,0.0,0.007775,0.775531,0.915377,1.0,1.0,1,1,0.4,0.166667,3.166667,5.0,3.8,5.0,3.56,,0dd214854aad9df58e5c633d44f4943502ced4e5c8e238a4073469e5b4a6a7f6,False,
quare-atm-negotiation_integration_verification-s303,ATM,303,quare,negotiation_integration_verification,gpt-4o-mini,0.7,4000,3,True,False,True,False,0,0.134268,5,35,5,10,35,30,0.0,0.004836,0.677592,0.954372,1.0,1.0,1,1,1.0,0.142857,3.114285,5.0,5.0,5.0,5.0,,0dd214854aad9df58e5c633d44f4943502ced4e5c8e238a4073469e5b4a6a7f6,False,
mare-bookkeeping-single_agent-s101,Bookkeeping,101,mare,single_agent,gpt-4o-mini,0.7,4000,3,True,False,False,False,0,0.022113,1,6,0,0,6,5,0.0,0.0,0.012232,0.932253,0.0,1.0,1,0,1.0,0.8,4.56,3.8,3.0,5.0,3.4,,0dd214854aad9df58e5c633d44f4943502ced4e5c8e238a4073469e5b4a6a7f6,True,single_agent_baseline_partial_phase_equivalence
iredev-bookkeeping-single_agent-s101,Bookkeeping,101,iredev,single_agent,gpt-4o-mini,0.7,4000,3,True,False,False,False,0,0.011196,1,6,0,0,6,5,0.0,0.0,0.012232,0.932253,0.0,1.0,1,0,1.0,0.8,4.56,3.8,3.0,5.0,3.4,,0dd214854aad9df58e5c633d44f4943502ced4e5c8e238a4073469e5b4a6a7f6,True,single_agent_baseline_partial_phase_equivalence
quare-bookkeeping-single_agent-s101,Bookkeeping,101,quare,single_agent,gpt-4o-mini,0.7,4000,3,True,False,False,False,0,0.021179,1,6,0,0,6,5,0.0,0.0,0.012232,0.932253,0.0,1.0,1,0,1.0,0.8,4.56,3.8,3.0,5.0,3.4,,0dd214854aad9df58e5c633d44f4943502ced4e5c8e238a4073469e5b4a6a7f6,True,single_agent_baseline_partial_phase_equivalence
mare-bookkeeping-multi_agent_without_negotiation-s101,Bookkeeping,101,mare,multi_agent_without_negotiation,gpt-4o-mini,0.7,4000,3,True,False,True,False,0,0.052604,5,21,0,0,21,16,0.0,0.003752,0.81087,0.906593,0.0,1.0,1,0,0.8,0.8,4.56,3.8,2.6,5.0,2.92,,0dd214854aad9df58e5c633d44f4943502ced4e5c8e238a4073469e5b4a6a7f6,False,negotiation_and_verification_not_executed_for_setting
iredev-bookkeeping-multi_agent_without_negotiation-s101,Bookkeeping,101,iredev,multi_agent_without_negotiation,gpt-4o-mini,0.7,4000,3,True,False,True,False,0,0.129468,6,30,0,0,30,24,0.0,0.00787,0.766072,0.920937,0.0,1.0,1,0,0.8,0.8,4.56,3.8,2.6,5.0,2.92,,0dd214854aad9df58e5c633d44f4943502ced4e5c8e238a4073469e5b4a6a7f6,False,negotiation_and_verification_not_executed_for_setting
quare-bookkeeping-multi_agent_without_negotiation-s101,Bookkeeping,101,quare,multi_agent_without_negotiation,gpt-4o-mini,0.7,4000,3,True,False,False,False,0,0.074745,5,35,0,0,35,30,0.0,0.003249,0.670538,0.948108,0.0,1.0,1,0,1.0,0.8,4.56,3.8,3.0,5.0,3.4,,0dd214854aad9df58e5c633d44f4943502ced4e5c8e238a4073469e5b4a6a7f6,True,negotiation_and_verification_not_executed_for_setting
mare-bookkeeping-multi_agent_with_negotiation-s101,Bookkeeping,101,mare,multi_agent_with_negotiation,gpt-4o-mini,0.7,4000,3,True,False,True,False,0,0.072278,5,21,5,10,6,5,0.0,2.7e-05,0.753594,0.905619,1.0,1.0,1,0,0.2,1.0,5.0,3.8,1.4,5.0,1.48,,0dd214854aad9df58e5c633d44f4943502ced4e5c8e238a4073469e5b4a6a7f6,False,verification_not_executed_for_setting
iredev-bookkeeping-multi_agent_with_negotiation-s101,Bookkeeping,101,iredev,multi_agent_with_negotiation,gpt-4o-mini,0.7,4000,3,True,False,True,False,0,0.116485,6,30,6,12,7,6,0.0,0.005881,0.688579,0.914767,1.0,1.0,1,0,0.4,1.0,5.0,3.8,1.8,5.0,1.96,,0dd214854aad9df58e5c633d44f4943502ced4e5c8e238a4073469e5b4a6a7f6,False,verification_not_executed_for_setting
quare-bookkeeping-multi_agent_with_negotiation-s101,Bookkeeping,101,quare,multi_agent_with_negotiation,gpt-4o-mini,0.7,4000,3,True,False,True,False,0,0.133986,5,35,5,10,7,6,0.0,0.000124,0.631652,0.947162,1.0,1.0,1,0,1.0,0.8,4.56,3.8,3.0,5.0,3.4,,0dd214854aad9df58e5c633d44f4943502ced4e5c8e238a4073469e5b4a6a7f6,False,verification_not_executed_for_setting
mare-bookkeeping-negotiation_integration_verification-s101,Bookkeeping,101,mare,negotiation_integration_verification,gpt-4o-mini,0.7,4000,3,True,False,True,False,0,0.093963,5,21,5,10,21,16,0.0,0.003752,0.81087,0.906593,1.0,1.0,1,1,0.8,0.8,4.56,5.0,4.6,5.0,4.52,,0dd214854aad9df58e5c633d44f4943502ced4e5c8e238a4073469e5b4a6a7f6,False,
iredev-bookkeeping-negotiation_integration_verification-s101,Bookkeeping,101,iredev,negotiation_integration_verification,gpt-4o-mini,0.7,4000,3,True,False,True,False,0,0.129511,6,30,6,12,30,24,0.0,0.00787,0.766072,0.920937,1.0,1.0,1,1,0.8,0.8,4.56,5.0,4.6,5.0,4.52,,0dd214854aad9df58e5c633d44f4943502ced4e5c8e238a4073469e5b4a6a7f6,False,
quare-bookkeeping-negotiation_integration_verification-s101,Bookkeeping,101,quare,negotiation_integration_verification,gpt-4o-mini,0.7,4000,3,True,False,True,False,0,0.130441,5,35,5,10,35,30,0.0,0.003249,0.670538,0.948108,1.0,1.0,1,1,1.0,0.8,4.56,5.0,5.0,5.0,5.0,,0dd214854aad9df58e5c633d44f4943502ced4e5c8e238a4073469e5b4a6a7f6,False,
mare-bookkeeping-single_agent-s202,Bookkeeping,202,mare,single_agent,gpt-4o-mini,0.7,4000,3,True,False,False,False,0,0.020921,1,6,0,0,6,5,0.0,0.0,0.012655,0.93366,0.0,1.0,1,0,1.0,0.8,4.56,3.8,3.0,5.0,3.4,,0dd214854aad9df58e5c633d44f4943502ced4e5c8e238a4073469e5b4a6a7f6,True,single_agent_baseline_partial_phase_equivalence
iredev-bookkeeping-single_agent-s202,Bookkeeping,202,iredev,single_agent,gpt-4o-mini,0.7,4000,3,True,False,False,False,0,0.014564,1,6,0,0,6,5,0.0,0.0,0.012655,0.93366,0.0,1.0,1,0,1.0,0.8,4.56,3.8,3.0,5.0,3.4,,0dd214854aad9df58e5c633d44f4943502ced4e5c8e238a4073469e5b4a6a7f6,True,single_agent_baseline_partial_phase_equivalence
quare-bookkeeping-single_agent-s202,Bookkeeping,202,quare,single_agent,gpt-4o-mini,0.7,4000,3,True,False,False,False,0,0.014472,1,6,0,0,6,5,0.0,0.0,0.012655,0.93366,0.0,1.0,1,0,1.0,0.8,4.56,3.8,3.0,5.0,3.4,,0dd214854aad9df58e5c633d44f4943502ced4e5c8e238a4073469e5b4a6a7f6,True,single_agent_baseline_partial_phase_equivalence
mare-bookkeeping-multi_agent_without_negotiation-s202,Bookkeeping,202,mare,multi_agent_without_negotiation,gpt-4o-mini,0.7,4000,3,True,False,True,False,0,0.076429,5,21,0,0,21,16,0.0,0.003752,0.810875,0.90638,0.0,1.0,1,0,0.8,0.8,4.56,3.8,2.6,5.0,2.92,,0dd214854aad9df58e5c633d44f4943502ced4e5c8e238a4073469e5b4a6a7f6,False,negotiation_and_verification_not_executed_for_setting
iredev-bookkeeping-multi_agent_without_negotiation-s202,Bookkeeping,202,iredev,multi_agent_without_negotiation,gpt-4o-mini,0.7,4000,3,True,False,True,False,0,0.156655,6,30,0,0,30,24,0.0,0.008065,0.737642,0.933531,0.0,1.0,1,0,1.0,0.75,4.45,3.8,3.0,5.0,3.4,,0dd214854aad9df58e5c633d44f4943502ced4e5c8e238a4073469e5b4a6a7f6,False,negotiation_and_verification_not_executed_for_setting
quare-bookkeeping-multi_agent_without_negotiation-s202,Bookkeeping,202,quare,multi_agent_without_negotiation,gpt-4o-mini,0.7,4000,3,True,False,False,False,0,0.066276,5,35,0,0,35,30,0.0,0.004779,0.678672,0.947869,0.0,1.0,1,0,1.0,0.8,4.56,3.8,3.0,5.0,3.4,,0dd214854aad9df58e5c633d44f4943502ced4e5c8e238a4073469e5b4a6a7f6,True,negotiation_and_verification_not_executed_for_setting
mare-bookkeeping-multi_agent_with_negotiation-s202,Bookkeeping,202,mare,multi_agent_with_negotiation,gpt-4o-mini,0.7,4000,3,True,False,True,False,0,0.08599,5,21,5,10,6,5,0.0,2.7e-05,0.753594,0.905735,1.0,1.0,1,0,0.2,0.75,4.45,3.8,1.4,5.0,1.48,,0dd214854aad9df58e5c633d44f4943502ced4e5c8e238a4073469e5b4a6a7f6,False,verification_not_executed_for_setting
iredev-bookkeeping-multi_agent_with_negotiation-s202,Bookkeeping,202,iredev,multi_agent_with_negotiation,gpt-4o-mini,0.7,4000,3,True,False,True,False,0,0.199017,6,30,6,12,7,6,0.0,0.005881,0.688579,0.93245,1.0,1.0,1,0,0.4,0.75,4.45,3.8,1.8,5.0,1.96,,0dd214854aad9df58e5c633d44f4943502ced4e5c8e238a4073469e5b4a6a7f6,False,verification_not_executed_for_setting
quare-bookkeeping-multi_agent_with_negotiation-s202,Bookkeeping,202,quare,multi_agent_with_negotiation,gpt-4o-mini,0.7,4000,3,True,False,True,False,0,0.138684,5,35,5,10,7,6,0.0,0.000126,0.632792,0.945585,1.0,1.0,1,0,1.0,0.8,4.56,3.8,3.0,5.0,3.4,,0dd214854aad9df58e5c633d44f4943502ced4e5c8e238a4073469e5b4a6a7f6,False,verification_not_executed_for_setting
mare-bookkeeping-negotiation_integration_verification-s202,Bookkeeping,202,mare,negotiation_integration_verification,gpt-4o-mini,0.7,4000,3,True,False,True,False,0,0.091036,5,21,5,10,21,16,0.0,0.003752,0.810875,0.90638,1.0,1.0,1,1,0.8,0.8,4.56,5.0,4.6,5.0,4.52,,0dd214854aad9df58e5c633d44f4943502ced4e5c8e238a4073469e5b4a6a7f6,False,
iredev-bookkeeping-negotiation_integration_verification-s202,Bookkeeping,202,iredev,negotiation_integration_verification,gpt-4o-mini,0.7,4000,3,True,False,True,False,0,0.133776,6,30,6,12,30,24,0.0,0.008065,0.737642,0.933531,1.0,1.0,1,1,1.0,0.75,4.45,5.0,5.0,5.0,5.0,,0dd214854aad9df58e5c633d44f4943502ced4e5c8e238a4073469e5b4a6a7f6,False,
quare-bookkeeping-negotiation_integration_verification-s202,Bookkeeping,202,quare,negotiation_integration_verification,gpt-4o-mini,0.7,4000,3,True,False,True,False,0,0.124242,5,35,5,10,35,30,0.0,0.004779,0.678672,0.947869,1.0,1.0,1,1,1.0,0.8,4.56,5.0,5.0,5.0,5.0,,0dd214854aad9df58e5c633d44f4943502ced4e5c8e238a4073469e5b4a6a7f6,False,
mare-bookkeeping-single_agent-s303,Bookkeeping,303,mare,single_agent,gpt-4o-mini,0.7,4000,3,True,False,False,False,0,0.036578,1,6,0,0,6,5,0.0,0.0,0.013149,0.932116,0.0,1.0,1,0,1.0,0.8,4.56,3.8,3.0,5.0,3.4,,0dd214854aad9df58e5c633d44f4943502ced4e5c8e238a4073469e5b4a6a7f6,True,single_agent_baseline_partial_phase_equivalence
iredev-bookkeeping-single_agent-s303,Bookkeeping,303,iredev,single_agent,gpt-4o-mini,0.7,4000,3,True,False,False,False,0,0.011572,1,6,0,0,6,5,0.0,0.0,0.013149,0.932116,0.0,1.0,1,0,1.0,0.8,4.56,3.8,3.0,5.0,3.4,,0dd214854aad9df58e5c633d44f4943502ced4e5c8e238a4073469e5b4a6a7f6,True,single_agent_baseline_partial_phase_equivalence
quare-bookkeeping-single_agent-s303,Bookkeeping,303,quare,single_agent,gpt-4o-mini,0.7,4000,3,True,False,False,False,0,0.042029,1,6,0,0,6,5,0.0,0.0,0.013149,0.932116,0.0,1.0,1,0,1.0,0.8,4.56,3.8,3.0,5.0,3.4,,0dd214854aad9df58e5c633d44f4943502ced4e5c8e238a4073469e5b4a6a7f6,True,single_agent_baseline_partial_phase_equivalence
mare-bookkeeping-multi_agent_without_negotiation-s303,Bookkeeping,303,mare,multi_agent_without_negotiation,gpt-4o-mini,0.7,4000,3,True,False,True,False,0,0.046593,5,21,0,0,21,16,0.0,0.003778,0.786455,0.906171,0.0,1.0,1,0,0.8,0.8,4.56,3.8,2.6,5.0,2.92,,0dd214854aad9df58e5c633d44f4943502ced4e5c8e238a4073469e5b4a6a7f6,False,negotiation_and_verification_not_executed_for_setting
iredev-bookkeeping-multi_agent_without_negotiation-s303,Bookkeeping,303,iredev,multi_agent_without_negotiation,gpt-4o-mini,0.7,4000,3,True,False,True,False,0,0.140213,6,30,0,0,30,24,0.0,0.008081,0.641129,0.929595,0.0,1.0,1,0,0.8,0.8,4.56,3.8,2.6,5.0,2.92,,0dd214854aad9df58e5c633d44f4943502ced4e5c8e238a4073469e5b4a6a7f6,False,negotiation_and_verification_not_executed_for_setting
quare-bookkeeping-multi_agent_without_negotiation-s303,Bookkeeping,303,quare,multi_agent_without_negotiation,gpt-4o-mini,0.7,4000,3,True,False,False,False,0,0.070178,5,35,0,0,35,30,0.0,0.003312,0.670715,0.948065,0.0,1.0,1,0,1.0,0.8,4.56,3.8,3.0,5.0,3.4,,0dd214854aad9df58e5c633d44f4943502ced4e5c8e238a4073469e5b4a6a7f6,True,negotiation_and_verification_not_executed_for_setting
mare-bookkeeping-multi_agent_with_negotiation-s303,Bookkeeping,303,mare,multi_agent_with_negotiation,gpt-4o-mini,0.7,4000,3,True,False,True,False,0,0.074791,5,21,5,10,6,5,0.0,2.7e-05,0.753594,0.903601,1.0,1.0,1,0,0.2,1.0,5.0,3.8,1.4,5.0,1.48,,0dd214854aad9df58e5c633d44f4943502ced4e5c8e238a4073469e5b4a6a7f6,False,verification_not_executed_for_setting
iredev-bookkeeping-multi_agent_with_negotiation-s303,Bookkeeping,303,iredev,multi_agent_with_negotiation,gpt-4o-mini,0.7,4000,3,True,False,True,False,0,0.140821,6,30,6,12,7,6,0.0,0.001991,0.55749,0.928917,1.0,1.0,1,0,0.6,0.8,4.56,3.8,2.2,5.0,2.44,,0dd214854aad9df58e5c633d44f4943502ced4e5c8e238a4073469e5b4a6a7f6,False,verification_not_executed_for_setting
quare-bookkeeping-multi_agent_with_negotiation-s303,Bookkeeping,303,quare,multi_agent_with_negotiation,gpt-4o-mini,0.7,4000,3,True,False,True,False,0,0.140012,5,35,5,10,7,6,0.0,0.000145,0.632394,0.942778,1.0,1.0,1,0,1.0,0.8,4.56,3.8,3.0,5.0,3.4,,0dd214854aad9df58e5c633d44f4943502ced4e5c8e238a4073469e5b4a6a7f6,False,verification_not_executed_for_setting
mare-bookkeeping-negotiation_integration_verification-s303,Bookkeeping,303,mare,negotiation_integration_verification,gpt-4o-mini,0.7,4000,3,True,False,True,False,0,0.093787,5,21,5,10,21,16,0.0,0.003778,0.786455,0.906171,1.0,1.0,1,1,0.8,0.8,4.56,5.0,4.6,5.0,4.52,,0dd214854aad9df58e5c633d44f4943502ced4e5c8e238a4073469e5b4a6a7f6,False,
iredev-bookkeeping-negotiation_integration_verification-s303,Bookkeeping,303,iredev,negotiation_integration_verification,gpt-4o-mini,0.7,4000,3,True,False,True,False,0,0.133821,6,30,6,12,30,24,0.0,0.008081,0.641129,0.929595,1.0,1.0,1,1,0.8,0.8,4.56,5.0,4.6,5.0,4.52,,0dd214854aad9df58e5c633d44f4943502ced4e5c8e238a4073469e5b4a6a7f6,False,
quare-bookkeeping-negotiation_integration_verification-s303,Bookkeeping,303,quare,negotiation_integration_verification,gpt-4o-mini,0.7,4000,3,True,False,True,False,0,0.138988,5,35,5,10,35,30,0.0,0.003312,0.670715,0.948065,1.0,1.0,1,1,1.0,0.8,4.56,5.0,5.0,5.0,5.0,,0dd214854aad9df58e5c633d44f4943502ced4e5c8e238a4073469e5b4a6a7f6,False,
mare-library-single_agent-s101,Library,101,mare,single_agent,gpt-4o-mini,0.7,4000,3,True,False,False,False,0,0.021272,1,7,0,0,7,6,0.0,0.0,0.0,0.932199,0.0,1.0,1,0,1.0,1.0,5.0,3.8,3.0,5.0,3.4,,0dd214854aad9df58e5c633d44f4943502ced4e5c8e238a4073469e5b4a6a7f6,True,single_agent_baseline_partial_phase_equivalence
iredev-library-single_agent-s101,Library,101,iredev,single_agent,gpt-4o-mini,0.7,4000,3,True,False,False,False,0,0.015373,1,7,0,0,7,6,0.0,0.0,0.0,0.932199,0.0,1.0,1,0,1.0,1.0,5.0,3.8,3.0,5.0,3.4,,0dd214854aad9df58e5c633d44f4943502ced4e5c8e238a4073469e5b4a6a7f6,True,single_agent_baseline_partial_phase_equivalence
quare-library-single_agent-s101,Library,101,quare,single_agent,gpt-4o-mini,0.7,4000,3,True,False,False,False,0,0.01776,1,7,0,0,7,6,0.0,0.0,0.0,0.932199,0.0,1.0,1,0,1.0,1.0,5.0,3.8,3.0,5.0,3.4,,0dd214854aad9df58e5c633d44f4943502ced4e5c8e238a4073469e5b4a6a7f6,True,single_agent_baseline_partial_phase_equivalence
mare-library-multi_agent_without_negotiation-s101,Library,101,mare,multi_agent_without_negotiation,gpt-4o-mini,0.7,4000,3,True,False,True,False,0,0.038254,5,21,0,0,21,16,0.0,0.001691,0.835025,0.910287,0.0,1.0,1,0,0.666667,1.0,5.0,3.8,2.333334,5.0,2.600001,,0dd214854aad9df58e5c633d44f4943502ced4e5c8e238a4073469e5b4a6a7f6,False,negotiation_and_verification_not_executed_for_setting
iredev-library-multi_agent_without_negotiation-s101,Library,101,iredev,multi_agent_without_negotiation,gpt-4o-mini,0.7,4000,3,True,False,True,False,0,0.235393,6,30,0,0,30,24,0.0,0.007773,0.775528,0.92806,0.0,1.0,1,0,0.666667,0.75,4.45,3.8,2.333334,5.0,2.600001,,0dd214854aad9df58e5c633d44f4943502ced4e5c8e238a4073469e5b4a6a7f6,False,negotiation_and_verification_not_executed_for_setting
quare-library-multi_agent_without_negotiation-s101,Library,101,quare,multi_agent_without_negotiation,gpt-4o-mini,0.7,4000,3,True,False,False,False,0,0.045888,5,35,0,0,35,30,0.0,0.004753,0.678874,0.947671,0.0,1.0,1,0,1.0,1.0,5.0,3.8,3.0,5.0,3.4,,0dd214854aad9df58e5c633d44f4943502ced4e5c8e238a4073469e5b4a6a7f6,True,negotiation_and_verification_not_executed_for_setting
mare-library-multi_agent_with_negotiation-s101,Library,101,mare,multi_agent_with_negotiation,gpt-4o-mini,0.7,4000,3,True,False,True,False,0,0.048455,5,21,5,10,6,5,0.0,2.7e-05,0.753594,0.907813,1.0,1.0,1,0,0.166667,1.0,5.0,3.8,1.333334,5.0,1.400001,,0dd214854aad9df58e5c633d44f4943502ced4e5c8e238a4073469e5b4a6a7f6,False,verification_not_executed_for_setting
iredev-library-multi_agent_with_negotiation-s101,Library,101,iredev,multi_agent_with_negotiation,gpt-4o-mini,0.7,4000,3,True,False,True,False,0,0.146976,6,30,6,12,7,6,0.0,0.005881,0.688579,0.928526,1.0,1.0,1,0,0.333333,0.75,4.45,3.8,1.666666,5.0,1.799999,,0dd214854aad9df58e5c633d44f4943502ced4e5c8e238a4073469e5b4a6a7f6,False,verification_not_executed_for_setting
quare-library-multi_agent_with_negotiation-s101,Library,101,quare,multi_agent_with_negotiation,gpt-4o-mini,0.7,4000,3,True,False,True,False,0,0.121033,5,35,5,10,7,6,0.0,0.000125,0.632345,0.945188,1.0,1.0,1,0,0.833333,1.0,5.0,3.8,2.666666,5.0,2.999999,,0dd214854aad9df58e5c633d44f4943502ced4e5c8e238a4073469e5b4a6a7f6,False,verification_not_executed_for_setting
mare-library-negotiation_integration_verification-s101,Library,101,mare,negotiation_integration_verification,gpt-4o-mini,0.7,4000,3,True,False,True,False,0,0.071949,5,21,5,10,21,16,0.0,0.001691,0.835025,0.910287,1.0,1.0,1,1,0.666667,1.0,5.0,5.0,4.333334,5.0,4.200001,,0dd214854aad9df58e5c633d44f4943502ced4e5c8e238a4073469e5b4a6a7f6,False,
iredev-library-negotiation_integration_verification-s101,Library,101,iredev,negotiation_integration_verification,gpt-4o-mini,0.7,4000,3,True,False,True,False,0,0.149835,6,30,6,12,30,24,0.0,0.007773,0.775528,0.92806,1.0,1.0,1,1,0.666667,0.75,4.45,5.0,4.333334,5.0,4.200001,,0dd214854aad9df58e5c633d44f4943502ced4e5c8e238a4073469e5b4a6a7f6,False,
quare-library-negotiation_integration_verification-s101,Library,101,quare,negotiation_integration_verification,gpt-4o-mini,0.7,4000,3,True,False,True,False,0,0.133369,5,35,5,10,35,30,0.0,0.004753,0.678874,0.947671,1.0,1.0,1,1,1.0,1.0,5.0,5.0,5.0,5.0,5.0,,0dd214854aad9df58e5c633d44f4943502ced4e5c8e238a4073469e5b4a6a7f6,False,
mare-library-single_agent-s202,Library,202,mare,single_agent,gpt-4o-mini,0.7,4000,3,True,False,False,False,0,0.042133,1,7,0,0,7,6,0.0,0.0,0.0,0.932852,0.0,1.0,1,0,1.0,1.0,5.0,3.8,3.0,5.0,3.4,,0dd214854aad9df58e5c633d44f4943502ced4e5c8e238a4073469e5b4a6a7f6,True,single_agent_baseline_partial_phase_equivalence
iredev-library-single_agent-s202,Library,202,iredev,single_agent,gpt-4o-mini,0.7,4000,3,True,False,False,False,0,0.010748,1,7,0,0,7,6,0.0,0.0,0.0,0.932852,0.0,1.0,1,0,1.0,1.0,5.0,3.8,3.0,5.0,3.4,,0dd214854aad9df58e5c633d44f4943502ced4e5c8e238a4073469e5b4a6a7f6,True,single_agent_baseline_partial_phase_equivalence
quare-library-single_agent-s202,Library,202,quare,single_agent,gpt-4o-mini,0.7,4000,3,True,False,False,False,0,0.014837,1,7,0,0,7,6,0.0,0.0,0.0,0.932852,0.0,1.0,1,0,1.0,1.0,5.0,3.8,3.0,5.0,3.4,,0dd214854aad9df58e5c633d44f4943502ced4e5c8e238a4073469e5b4a6a7f6,True,single_agent_baseline_partial_phase_equivalence
mare-library-multi_agent_without_negotiation-s202,Library,202,mare,multi_agent_without_negotiation,gpt-4o-mini,0.7,4000,3,True,False,True,False,0,0.042125,5,21,0,0,21,16,0.0,0.001691,0.835025,0.909764,0.0,1.0,1,0,0.666667,1.0,5.0,3.8,2.333334,5.0,2.600001,,0dd214854aad9df58e5c633d44f4943502ced4e5c8e238a4073469e5b4a6a7f6,False,negotiation_and_verification_not_executed_for_setting
iredev-library-multi_agent_without_negotiation-s202,Library,202,iredev,multi_agent_without_negotiation,gpt-4o-mini,0.7,4000,3,True,False,True,False,0,0.16234,6,30,0,0,30,24,0.0,0.007775,0.77553,0.925958,0.0,1.0,1,0,0.666667,0.75,4.45,3.8,2.333334,5.0,2.600001,,0dd214854aad9df58e5c633d44f4943502ced4e5c8e238a4073469e5b4a6a7f6,False,negotiation_and_verification_not_executed_for_setting
quare-library-multi_agent_without_negotiation-s202,Library,202,quare,multi_agent_without_negotiation,gpt-4o-mini,0.7,4000,3,True,False,False,False,0,0.057983,5,35,0,0,35,30,0.0,0.004832,0.679016,0.948315,0.0,1.0,1,0,1.0,1.0,5.0,3.8,3.0,5.0,3.4,,0dd214854aad9df58e5c633d44f4943502ced4e5c8e238a4073469e5b4a6a7f6,True,negotiation_and_verification_not_executed_for_setting
mare-library-multi_agent_with_negotiation-s202,Library,202,mare,multi_agent_with_negotiation,gpt-4o-mini,0.7,4000,3,True,False,True,False,0,0.067902,5,21,5,10,6,5,0.0,2.7e-05,0.753594,0.906563,1.0,1.0,1,0,0.166667,1.0,5.0,3.8,1.333334,5.0,1.400001,,0dd214854aad9df58e5c633d44f4943502ced4e5c8e238a4073469e5b4a6a7f6,False,verification_not_executed_for_setting
iredev-library-multi_agent_with_negotiation-s202,Library,202,iredev,multi_agent_with_negotiation,gpt-4o-mini,0.7,4000,3,True,False,True,False,0,0.11745,6,30,6,12,7,6,0.0,0.005881,0.688579,0.923861,1.0,1.0,1,0,0.333333,0.666667,4.266667,3.8,1.666666,5.0,1.799999,,0dd214854aad9df58e5c633d44f4943502ced4e5c8e238a4073469e5b4a6a7f6,False,verification_not_executed_for_setting
quare-library-multi_agent_with_negotiation-s202,Library,202,quare,multi_agent_with_negotiation,gpt-4o-mini,0.7,4000,3,True,False,True,False,0,0.112016,5,35,5,10,7,6,0.0,0.000143,0.633524,0.945481,1.0,1.0,1,0,0.833333,1.0,5.0,3.8,2.666666,5.0,2.999999,,0dd214854aad9df58e5c633d44f4943502ced4e5c8e238a4073469e5b4a6a7f6,False,verification_not_executed_for_setting
mare-library-negotiation_integration_verification-s202,Library,202,mare,negotiation_integration_verification,gpt-4o-mini,0.7,4000,3,True,False,True,False,0,0.092928,5,21,5,10,21,16,0.0,0.001691,0.835025,0.909764,1.0,1.0,1,1,0.666667,1.0,5.0,5.0,4.333334,5.0,4.200001,,0dd214854aad9df58e5c633d44f4943502ced4e5c8e238a4073469e5b4a6a7f6,False,
iredev-library-negotiation_integration_verification-s202,Library,202,iredev,negotiation_integration_verification,gpt-4o-mini,0.7,4000,3,True,False,True,False,0,0.131187,6,30,6,12,30,24,0.0,0.007775,0.77553,0.925958,1.0,1.0,1,1,0.666667,0.75,4.45,5.0,4.333334,5.0,4.200001,,0dd214854aad9df58e5c633d44f4943502ced4e5c8e238a4073469e5b4a6a7f6,False,
quare-library-negotiation_integration_verification-s202,Library,202,quare,negotiation_integration_verification,gpt-4o-mini,0.7,4000,3,True,False,True,False,0,0.117306,5,35,5,10,35,30,0.0,0.004832,0.679016,0.948315,1.0,1.0,1,1,1.0,1.0,5.0,5.0,5.0,5.0,5.0,,0dd214854aad9df58e5c633d44f4943502ced4e5c8e238a4073469e5b4a6a7f6,False,
mare-library-single_agent-s303,Library,303,mare,single_agent,gpt-4o-mini,0.7,4000,3,True,False,False,False,0,0.023053,1,7,0,0,7,6,0.0,0.0,0.0,0.933134,0.0,1.0,1,0,1.0,1.0,5.0,3.8,3.0,5.0,3.4,,0dd214854aad9df58e5c633d44f4943502ced4e5c8e238a4073469e5b4a6a7f6,True,single_agent_baseline_partial_phase_equivalence
iredev-library-single_agent-s303,Library,303,iredev,single_agent,gpt-4o-mini,0.7,4000,3,True,False,False,False,0,0.012944,1,7,0,0,7,6,0.0,0.0,0.0,0.933134,0.0,1.0,1,0,1.0,1.0,5.0,3.8,3.0,5.0,3.4,,0dd214854aad9df58e5c633d44f4943502ced4e5c8e238a4073469e5b4a6a7f6,True,single_agent_baseline_partial_phase_equivalence
quare-library-single_agent-s303,Library,303,quare,single_agent,gpt-4o-mini,0.7,4000,3,True,False,False,False,0,0.040048,1,7,0,0,7,6,0.0,0.0,0.0,0.933134,0.0,1.0,1,0,1.0,1.0,5.0,3.8,3.0,5.0,3.4,,0dd214854aad9df58e5c633d44f4943502ced4e5c8e238a4073469e5b4a6a7f6,True,single_agent_baseline_partial_phase_equivalence
mare-library-multi_agent_without_negotiation-s303,Library,303,mare,multi_agent_without_negotiation,gpt-4o-mini,0.7,4000,3,True,False,True,False,0,0.035684,5,21,0,0,21,16,0.0,0.001691,0.835025,0.908442,0.0,1.0,1,0,0.666667,1.0,5.0,3.8,2.333334,5.0,2.600001,,0dd214854aad9df58e5c633d44f4943502ced4e5c8e238a4073469e5b4a6a7f6,False,negotiation_and_verification_not_executed_for_setting
iredev-library-multi_agent_without_negotiation-s303,Library,303,iredev,multi_agent_without_negotiation,gpt-4o-mini,0.7,4000,3,True,False,True,False,0,0.146672,6,30,0,0,30,24,0.0,0.007775,0.77553,0.916224,0.0,1.0,1,0,0.666667,0.75,4.45,3.8,2.333334,5.0,2.600001,,0dd214854aad9df58e5c633d44f4943502ced4e5c8e238a4073469e5b4a6a7f6,False,negotiation_and_verification_not_executed_for_setting
quare-library-multi_agent_without_negotiation-s303,Library,303,quare,multi_agent_without_negotiation,gpt-4o-mini,0.7,4000,3,True,False,False,False,0,0.054452,5,35,0,0,35,30,0.0,0.004852,0.679375,0.947592,0.0,1.0,1,0,1.0,1.0,5.0,3.8,3.0,5.0,3.4,,0dd214854aad9df58e5c633d44f4943502ced4e5c8e238a4073469e5b4a6a7f6,True,negotiation_and_verification_not_executed_for_setting
mare-library-multi_agent_with_negotiation-s303,Library,303,mare,multi_agent_with_negotiation,gpt-4o-mini,0.7,4000,3,True,False,True,False,0,0.051822,5,21,5,10,6,5,0.0,2.7e-05,0.753594,0.906625,1.0,1.0,1,0,0.166667,1.0,5.0,3.8,1.333334,5.0,1.400001,,0dd214854aad9df58e5c633d44f4943502ced4e5c8e238a4073469e5b4a6a7f6,False,verification_not_executed_for_setting
iredev-library-multi_agent_with_negotiation-s303,Library,303,iredev,multi_agent_with_negotiation,gpt-4o-mini,0.7,4000,3,True,False,True,False,0,0.1129,6,30,6,12,7,6,0.0,0.005881,0.688579,0.911564,1.0,1.0,1,0,0.333333,0.666667,4.266667,3.8,1.666666,5.0,1.799999,,0dd214854aad9df58e5c633d44f4943502ced4e5c8e238a4073469e5b4a6a7f6,False,verification_not_executed_for_setting
quare-library-multi_agent_with_negotiation-s303,Library,303,quare,multi_agent_with_negotiation,gpt-4o-mini,0.7,4000,3,True,False,True,False,0,0.115399,5,35,5,10,7,6,0.0,0.000165,0.634227,0.943217,1.0,1.0,1,0,0.833333,1.0,5.0,3.8,2.666666,5.0,2.999999,,0dd214854aad9df58e5c633d44f4943502ced4e5c8e238a4073469e5b4a6a7f6,False,verification_not_executed_for_setting
mare-library-negotiation_integration_verification-s303,Library,303,mare,negotiation_integration_verification,gpt-4o-mini,0.7,4000,3,True,False,True,False,0,0.084304,5,21,5,10,21,16,0.0,0.001691,0.835025,0.908442,1.0,1.0,1,1,0.666667,1.0,5.0,5.0,4.333334,5.0,4.200001,,0dd214854aad9df58e5c633d44f4943502ced4e5c8e238a4073469e5b4a6a7f6,False,
iredev-library-negotiation_integration_verification-s303,Library,303,iredev,negotiation_integration_verification,gpt-4o-mini,0.7,4000,3,True,False,True,False,0,0.122746,6,30,6,12,30,24,0.0,0.007775,0.77553,0.916224,1.0,1.0,1,1,0.666667,0.75,4.45,5.0,4.333334,5.0,4.200001,,0dd214854aad9df58e5c633d44f4943502ced4e5c8e238a4073469e5b4a6a7f6,False,
quare-library-negotiation_integration_verification-s303,Library,303,quare,negotiation_integration_verification,gpt-4o-mini,0.7,4000,3,True,False,True,False,0,0.111097,5,35,5,10,35,30,0.0,0.004852,0.679375,0.947592,1.0,1.0,1,1,1.0,1.0,5.0,5.0,5.0,5.0,5.0,,0dd214854aad9df58e5c633d44f4943502ced4e5c8e238a4073469e5b4a6a7f6,False,
mare-rollcall-single_agent-s101,RollCall,101,mare,single_agent,gpt-4o-mini,0.7,4000,3,True,False,False,False,0,0.020431,1,6,0,0,6,5,0.0,0.0,0.0,0.928342,0.0,1.0,1,0,1.0,0.5,3.9,3.8,3.0,5.0,3.4,,0dd214854aad9df58e5c633d44f4943502ced4e5c8e238a4073469e5b4a6a7f6,True,single_agent_baseline_partial_phase_equivalence
iredev-rollcall-single_agent-s101,RollCall,101,iredev,single_agent,gpt-4o-mini,0.7,4000,3,True,False,False,False,0,0.0108,1,6,0,0,6,5,0.0,0.0,0.0,0.928342,0.0,1.0,1,0,1.0,0.5,3.9,3.8,3.0,5.0,3.4,,0dd214854aad9df58e5c633d44f4943502ced4e5c8e238a4073469e5b4a6a7f6,True,single_agent_baseline_partial_phase_equivalence
quare-rollcall-single_agent-s101,RollCall,101,quare,single_agent,gpt-4o-mini,0.7,4000,3,True,False,False,False,0,0.037411,1,6,0,0,6,5,0.0,0.0,0.0,0.928342,0.0,1.0,1,0,1.0,0.5,3.9,3.8,3.0,5.0,3.4,,0dd214854aad9df58e5c633d44f4943502ced4e5c8e238a4073469e5b4a6a7f6,True,single_agent_baseline_partial_phase_equivalence
mare-rollcall-multi_agent_without_negotiation-s101,RollCall,101,mare,multi_agent_without_negotiation,gpt-4o-mini,0.7,4000,3,True,False,True,False,0,0.041131,5,21,0,0,21,16,0.0,0.001691,0.835025,0.909244,0.0,1.0,1,0,0.8,0.666667,4.266667,3.8,2.6,5.0,2.92,,0dd214854aad9df58e5c633d44f4943502ced4e5c8e238a4073469e5b4a6a7f6,False,negotiation_and_verification_not_executed_for_setting
iredev-rollcall-multi_agent_without_negotiation-s101,RollCall,101,iredev,multi_agent_without_negotiation,gpt-4o-mini,0.7,4000,3,True,False,True,False,0,0.121218,6,30,0,0,30,24,0.0,0.007775,0.775531,0.924463,0.0,1.0,1,0,0.8,0.666667,4.266667,3.8,2.6,5.0,2.92,,0dd214854aad9df58e5c633d44f4943502ced4e5c8e238a4073469e5b4a6a7f6,False,negotiation_and_verification_not_executed_for_setting
quare-rollcall-multi_agent_without_negotiation-s101,RollCall,101,quare,multi_agent_without_negotiation,gpt-4o-mini,0.7,4000,3,True,False,False,False,0,0.051166,5,35,0,0,35,30,0.0,0.00481,0.679351,0.944725,0.0,1.0,1,0,1.0,0.666667,4.266667,3.8,3.0,5.0,3.4,,0dd214854aad9df58e5c633d44f4943502ced4e5c8e238a4073469e5b4a6a7f6,True,negotiation_and_verification_not_executed_for_setting
mare-rollcall-multi_agent_with_negotiation-s101,RollCall,101,mare,multi_agent_with_negotiation,gpt-4o-mini,0.7,4000,3,True,False,True,False,0,0.104962,5,21,5,10,6,5,0.0,2.7e-05,0.753594,0.907239,1.0,1.0,1,0,0.2,1.0,5.0,3.8,1.4,5.0,1.48,,0dd214854aad9df58e5c633d44f4943502ced4e5c8e238a4073469e5b4a6a7f6,False,verification_not_executed_for_setting
iredev-rollcall-multi_agent_with_negotiation-s101,RollCall,101,iredev,multi_agent_with_negotiation,gpt-4o-mini,0.7,4000,3,True,False,True,False,0,0.116315,6,30,6,12,7,6,0.0,0.005881,0.688579,0.926036,1.0,1.0,1,0,0.4,0.666667,4.266667,3.8,1.8,5.0,1.96,,0dd214854aad9df58e5c633d44f4943502ced4e5c8e238a4073469e5b4a6a7f6,False,verification_not_executed_for_setting
quare-rollcall-multi_agent_with_negotiation-s101,RollCall,101,quare,multi_agent_with_negotiation,gpt-4o-mini,0.7,4000,3,True,False,True,False,0,0.116082,5,35,5,10,7,6,0.0,0.000157,0.634001,0.939766,1.0,1.0,1,0,1.0,0.5,3.9,3.8,3.0,5.0,3.4,,0dd214854aad9df58e5c633d44f4943502ced4e5c8e238a4073469e5b4a6a7f6,False,verification_not_executed_for_setting
mare-rollcall-negotiation_integration_verification-s101,RollCall,101,mare,negotiation_integration_verification,gpt-4o-mini,0.7,4000,3,True,False,True,False,0,0.085121,5,21,5,10,21,16,0.0,0.001691,0.835025,0.909244,1.0,1.0,1,1,0.8,0.666667,4.266667,5.0,4.6,5.0,4.52,,0dd214854aad9df58e5c633d44f4943502ced4e5c8e238a4073469e5b4a6a7f6,False,
iredev-rollcall-negotiation_integration_verification-s101,RollCall,101,iredev,negotiation_integration_verification,gpt-4o-mini,0.7,4000,3,True,False,True,False,0,0.132589,6,30,6,12,30,24,0.0,0.007775,0.775531,0.924463,1.0,1.0,1,1,0.8,0.666667,4.266667,5.0,4.6,5.0,4.52,,0dd214854aad9df58e5c633d44f4943502ced4e5c8e238a4073469e5b4a6a7f6,False,
quare-rollcall-negotiation_integration_verification-s101,RollCall,101,quare,negotiation_integration_verification,gpt-4o-mini,0.7,4000,3,True,False,True,False,0,0.137667,5,35,5,10,35,30,0.0,0.00481,0.679351,0.944725,1.0,1.0,1,1,1.0,0.666667,4.266667,5.0,5.0,5.0,5.0,,0dd214854aad9df58e5c633d44f4943502ced4e5c8e238a4073469e5b4a6a7f6,False,
mare-rollcall-single_agent-s202,RollCall,202,mare,single_agent,gpt-4o-mini,0.7,4000,3,True,False,False,False,0,0.038761,1,6,0,0,6,5,0.0,0.0,0.0,0.926887,0.0,1.0,1,0,1.0,0.5,3.9,3.8,3.0,5.0,3.4,,0dd214854aad9df58e5c633d44f4943502ced4e5c8e238a4073469e5b4a6a7f6,True,single_agent_baseline_partial_phase_equivalence
iredev-rollcall-single_agent-s202,RollCall,202,iredev,single_agent,gpt-4o-mini,0.7,4000,3,True,False,False,False,0,0.03094,1,6,0,0,6,5,0.0,0.0,0.0,0.926887,0.0,1.0,1,0,1.0,0.5,3.9,3.8,3.0,5.0,3.4,,0dd214854aad9df58e5c633d44f4943502ced4e5c8e238a4073469e5b4a6a7f6,True,single_agent_baseline_partial_phase_equivalence
quare-rollcall-single_agent-s202,RollCall,202,quare,single_agent,gpt-4o-mini,0.7,4000,3,True,False,False,False,0,0.015767,1,6,0,0,6,5,0.0,0.0,0.0,0.926887,0.0,1.0,1,0,1.0,0.5,3.9,3.8,3.0,5.0,3.4,,0dd214854aad9df58e5c633d44f4943502ced4e5c8e238a4073469e5b4a6a7f6,True,single_agent_baseline_partial_phase_equivalence
mare-rollcall-multi_agent_without_negotiation-s202,RollCall,202,mare,multi_agent_without_negotiation,gpt-4o-mini,0.7,4000,3,True,False,True,False,0,0.040739,5,21,0,0,21,16,0.0,0.001691,0.835025,0.908194,0.0,1.0,1,0,0.8,0.666667,4.266667,3.8,2.6,5.0,2.92,,0dd214854aad9df58e5c633d44f4943502ced4e5c8e238a4073469e5b4a6a7f6,False,negotiation_and_verification_not_executed_for_setting
iredev-rollcall-multi_agent_without_negotiation-s202,RollCall,202,iredev,multi_agent_without_negotiation,gpt-4o-mini,0.7,4000,3,True,False,True,False,0,0.124337,6,30,0,0,30,24,0.0,0.007775,0.775531,0.915976,0.0,1.0,1,0,0.8,0.666667,4.266667,3.8,2.6,5.0,2.92,,0dd214854aad9df58e5c633d44f4943502ced4e5c8e238a4073469e5b4a6a7f6,False,negotiation_and_verification_not_executed_for_setting
quare-rollcall-multi_agent_without_negotiation-s202,RollCall,202,quare,multi_agent_without_negotiation,gpt-4o-mini,0.7,4000,3,True,False,False,False,0,0.050301,5,35,0,0,35,30,0.0,0.004812,0.679152,0.944896,0.0,1.0,1,0,1.0,0.666667,4.266667,3.8,3.0,5.0,3.4,,0dd214854aad9df58e5c633d44f4943502ced4e5c8e238a4073469e5b4a6a7f6,True,negotiation_and_verification_not_executed_for_setting
mare-rollcall-multi_agent_with_negotiation-s202,RollCall,202,mare,multi_agent_with_negotiation,gpt-4o-mini,0.7,4000,3,True,False,True,False,0,0.09241,5,21,5,10,6,5,0.0,2.7e-05,0.753594,0.90411,1.0,1.0,1,0,0.2,1.0,5.0,3.8,1.4,5.0,1.48,,0dd214854aad9df58e5c633d44f4943502ced4e5c8e238a4073469e5b4a6a7f6,False,verification_not_executed_for_setting
iredev-rollcall-multi_agent_with_negotiation-s202,RollCall,202,iredev,multi_agent_with_negotiation,gpt-4o-mini,0.7,4000,3,True,False,True,False,0,0.161491,6,30,6,12,7,6,0.0,0.005881,0.688579,0.913691,1.0,1.0,1,0,0.4,1.0,5.0,3.8,1.8,5.0,1.96,,0dd214854aad9df58e5c633d44f4943502ced4e5c8e238a4073469e5b4a6a7f6,False,verification_not_executed_for_setting
quare-rollcall-multi_agent_with_negotiation-s202,RollCall,202,quare,multi_agent_with_negotiation,gpt-4o-mini,0.7,4000,3,True,False,True,False,0,0.117073,5,35,5,10,7,6,0.0,0.000145,0.632864,0.941466,1.0,1.0,1,0,1.0,0.5,3.9,3.8,3.0,5.0,3.4,,0dd214854aad9df58e5c633d44f4943502ced4e5c8e238a4073469e5b4a6a7f6,False,verification_not_executed_for_setting
mare-rollcall-negotiation_integration_verification-s202,RollCall,202,mare,negotiation_integration_verification,gpt-4o-mini,0.7,4000,3,True,False,True,False,0,0.081956,5,21,5,10,21,16,0.0,0.001691,0.835025,0.908194,1.0,1.0,1,1,0.8,0.666667,4.266667,5.0,4.6,5.0,4.52,,0dd214854aad9df58e5c633d44f4943502ced4e5c8e238a4073469e5b4a6a7f6,False,
iredev-rollcall-negotiation_integration_verification-s202,RollCall,202,iredev,negotiation_integration_verification,gpt-4o-mini,0.7,4000,3,True,False,True,False,0,0.12626,6,30,6,12,30,24,0.0,0.007775,0.775531,0.915976,1.0,1.0,1,1,0.8,0.666667,4.266667,5.0,4.6,5.0,4.52,,0dd214854aad9df58e5c633d44f4943502ced4e5c8e238a4073469e5b4a6a7f6,False,
quare-rollcall-negotiation_integration_verification-s202,RollCall,202,quare,negotiation_integration_verification,gpt-4o-mini,0.7,4000,3,True,False,True,False,0,0.124368,5,35,5,10,35,30,0.0,0.004812,0.679152,0.944896,1.0,1.0,1,1,1.0,0.666667,4.266667,5.0,5.0,5.0,5.0,,0dd214854aad9df58e5c633d44f4943502ced4e5c8e238a4073469e5b4a6a7f6,False,
mare-rollcall-single_agent-s303,RollCall,303,mare,single_agent,gpt-4o-mini,0.7,4000,3,True,False,False,False,0,0.019695,1,6,0,0,6,5,0.0,0.0,0.0,0.927323,0.0,1.0,1,0,1.0,0.5,3.9,3.8,3.0,5.0,3.4,,0dd214854aad9df58e5c633d44f4943502ced4e5c8e238a4073469e5b4a6a7f6,True,single_agent_baseline_partial_phase_equivalence
iredev-rollcall-single_agent-s303,RollCall,303,iredev,single_agent,gpt-4o-mini,0.7,4000,3,True,False,False,False,0,0.016606,1,6,0,0,6,5,0.0,0.0,0.0,0.927323,0.0,1.0,1,0,1.0,0.5,3.9,3.8,3.0,5.0,3.4,,0dd214854aad9df58e5c633d44f4943502ced4e5c8e238a4073469e5b4a6a7f6,True,single_agent_baseline_partial_phase_equivalence
quare-rollcall-single_agent-s303,RollCall,303,quare,single_agent,gpt-4o-mini,0.7,4000,3,True,False,False,False,0,0.017344,1,6,0,0,6,5,0.0,0.0,0.0,0.927323,0.0,1.0,1,0,1.0,0.5,3.9,3.8,3.0,5.0,3.4,,0dd214854aad9df58e5c633d44f4943502ced4e5c8e238a4073469e5b4a6a7f6,True,single_agent_baseline_partial_phase_equivalence
mare-rollcall-multi_agent_without_negotiation-s303,RollCall,303,mare,multi_agent_without_negotiation,gpt-4o-mini,0.7,4000,3,True,False,True,False,0,0.066056,5,21,0,0,21,16,0.0,0.001691,0.835025,0.908822,0.0,1.0,1,0,0.8,1.0,5.0,3.8,2.6,5.0,2.92,,0dd214854aad9df58e5c633d44f4943502ced4e5c8e238a4073469e5b4a6a7f6,False,negotiation_and_verification_not_executed_for_setting
iredev-rollcall-multi_agent_without_negotiation-s303,RollCall,303,iredev,multi_agent_without_negotiation,gpt-4o-mini,0.7,4000,3,True,False,True,False,0,0.1085,6,30,0,0,30,24,0.0,0.007775,0.775531,0.91841,0.0,1.0,1,0,0.8,0.666667,4.266667,3.8,2.6,5.0,2.92,,0dd214854aad9df58e5c633d44f4943502ced4e5c8e238a4073469e5b4a6a7f6,False,negotiation_and_verification_not_executed_for_setting
quare-rollcall-multi_agent_without_negotiation-s303,RollCall,303,quare,multi_agent_without_negotiation,gpt-4o-mini,0.7,4000,3,True,False,False,False,0,0.054303,5,35,0,0,35,30,0.0,0.004752,0.679165,0.944813,0.0,1.0,1,0,1.0,0.666667,4.266667,3.8,3.0,5.0,3.4,,0dd214854aad9df58e5c633d44f4943502ced4e5c8e238a4073469e5b4a6a7f6,True,negotiation_and_verification_not_executed_for_setting
mare-rollcall-multi_agent_with_negotiation-s303,RollCall,303,mare,multi_agent_with_negotiation,gpt-4o-mini,0.7,4000,3,True,False,True,False,0,0.115875,5,21,5,10,6,5,0.0,2.7e-05,0.753594,0.906866,1.0,1.0,1,0,0.2,1.0,5.0,3.8,1.4,5.0,1.48,,0dd214854aad9df58e5c633d44f4943502ced4e5c8e238a4073469e5b4a6a7f6,False,verification_not_executed_for_setting
iredev-rollcall-multi_agent_with_negotiation-s303,RollCall,303,iredev,multi_agent_with_negotiation,gpt-4o-mini,0.7,4000,3,True,False,True,False,0,0.165062,6,30,6,12,7,6,0.0,0.005881,0.688579,0.914633,1.0,1.0,1,0,0.4,1.0,5.0,3.8,1.8,5.0,1.96,,0dd214854aad9df58e5c633d44f4943502ced4e5c8e238a4073469e5b4a6a7f6,False,verification_not_executed_for_setting
quare-rollcall-multi_agent_with_negotiation-s303,RollCall,303,quare,multi_agent_with_negotiation,gpt-4o-mini,0.7,4000,3,True,False,True,False,0,0.105356,5,35,5,10,7,6,0.0,0.000145,0.633503,0.940196,1.0,1.0,1,0,1.0,0.5,3.9,3.8,3.0,5.0,3.4,,0dd214854aad9df58e5c633d44f4943502ced4e5c8e238a4073469e5b4a6a7f6,False,verification_not_executed_for_setting
mare-rollcall-negotiation_integration_verification-s303,RollCall,303,mare,negotiation_integration_verification,gpt-4o-mini,0.7,4000,3,True,False,True,False,0,0.085641,5,21,5,10,21,16,0.0,0.001691,0.835025,0.908822,1.0,1.0,1,1,0.8,1.0,5.0,5.0,4.6,5.0,4.52,,0dd214854aad9df58e5c633d44f4943502ced4e5c8e238a4073469e5b4a6a7f6,False,
iredev-rollcall-negotiation_integration_verification-s303,RollCall,303,iredev,negotiation_integration_verification,gpt-4o-mini,0.7,4000,3,True,False,True,False,0,0.113135,6,30,6,12,30,24,0.0,0.007775,0.775531,0.91841,1.0,1.0,1,1,0.8,0.666667,4.266667,5.0,4.6,5.0,4.52,,0dd214854aad9df58e5c633d44f4943502ced4e5c8e238a4073469e5b4a6a7f6,False,
quare-rollcall-negotiation_integration_verification-s303,RollCall,303,quare,negotiation_integration_verification,gpt-4o-mini,0.7,4000,3,True,False,True,False,0,0.100074,5,35,5,10,35,30,0.0,0.004752,0.679165,0.944813,1.0,1.0,1,1,1.0,0.666667,4.266667,5.0,5.0,5.0,5.0,,0dd214854aad9df58e5c633d44f4943502ced4e5c8e238a4073469e5b4a6a7f6,False,
